event_id,competency_id,event_sequence,event_type,cycle_id,task_id,iteration,event_date,previous_state,resulting_state,previous_title,resulting_title,decision,rationale,evidence_file,notes
E001,C01,1,created,cycle-01,task-01,1,,,active_associated,,Develop Problem Solutions Using Automata,Created,Initial competency specification. ,cycles/cycle-01/en/Task01/Task01-CSP-Report.md,
E002,C01,2,revised,cycle-01,task-01,1,,active_associated,active_associated,Develop Problem Solutions Using Automata,Develop Problem Solutions Using Automata,Approved with Revisions,Definition and knowledge–skill mappings were adjusted after expert review.,cycles/cycle-01/en/Task01/Task01-CSP-Adjustments.md,
E003,C01,3,retained_after_addition,cycle-01,task-01,2,,active_associated,active_associated,Develop Problem Solutions Using Automata,Develop Problem Solutions Using Automata,Approved,C06 was added as a more precise finite-state competency while C01 remained unchanged and associated with Task01.,cycles/cycle-01/en/Task01/Review2/Task01-CSP-Report-v2.md,Additive refinement; C01 was not replaced.
E004,C02,1,created,cycle-01,task-01,1,,,active_associated,,Justify the Use of Deterministic Finite Automata (DFAs),Created,Initial competency specification.,cycles/cycle-01/en/Task01/Task01-CSP-Report.md,
E005,C02,2,revised,cycle-01,task-01,1,,active_associated,active_associated,Justify the Use of Deterministic Finite Automata (DFAs),Justify the Use of Deterministic Finite Automata (DFAs),Approved with Revisions,Definition and mappings were adjusted after expert review.,cycles/cycle-01/en/Task01/Task01-CSP-Adjustments.md,
E006,C03,1,created,cycle-01,task-01,1,,,active_associated,,Test Automata Using Simulators,Created,Initial competency specification.,cycles/cycle-01/en/Task01/Task01-CSP-Report.md,
E007,C03,2,revised,cycle-01,task-01,1,,active_associated,active_associated,Test Automata Using Simulators,Test Automata Using Simulators,Approved with Revisions,Definition and mappings were adjusted after expert review.,cycles/cycle-01/en/Task01/Task01-CSP-Adjustments.md,
E008,C03,3,reused,cycle-01,task-03,1,,active_associated,active_associated,Test Automata Using Simulators,Test Automata Using Simulators,Approved with Revisions,The existing simulator competency supports validation of the Task03 finite-state model.,cycles/cycle-01/en/Task03/Task03-CSP-Adjustments.md,Direct reuse.
E009,C03,4,reused,cycle-01,task-04,1,,active_associated,active_associated,Test Automata Using Simulators,Test Automata Using Simulators,Needs Revision; adjustments implemented,The simulator competency is activated with a pushdown-automaton model in JFLAP.,cycles/cycle-01/en/Task04/Task04-CSP-Adjustments.md,Contextual activation.
E010,C04,1,created,cycle-01,task-01,1,,,active_associated,,Define Regular Expressions for Finite Automata,Created,Initial regular-expression competency specification.,cycles/cycle-01/en/Task01/Task01-CSP-Report.md,
E011,C04,2,revised,cycle-01,task-01,1,,active_associated,active_associated,Define Regular Expressions for Finite Automata,Define Regular Expressions for Finite Automata,Approved with Revisions,Overlapping regular-expression specifications were consolidated.,cycles/cycle-01/en/Task01/Task01-CSP-Adjustments.md,
E012,C04,3,revised,cycle-01,task-03,1,,active_associated,active_associated,Define Regular Expressions for Finite Automata,Define Regular Expressions for Finite Automata,Approved with Revisions,The definition was refined before reuse in Task03.,cycles/cycle-01/en/Task03/Task03-CSP-Adjustments.md,Revised definition; competency identity preserved.
E013,C04,4,reused,cycle-01,task-03,1,,active_associated,active_associated,Define Regular Expressions for Finite Automata,Define Regular Expressions for Finite Automata,Approved with Revisions,Task03 requires regular expressions corresponding to finite-state behavior.,cycles/cycle-01/en/Task03/Task03-CSP-Adjustments.md,
E014,C05,1,created,cycle-01,task-01,1,,,active_associated,,Write a Technical Report,Created,Initial technical-report competency specification.,cycles/cycle-01/en/Task01/Task01-CSP-Report.md,
E015,C05,2,revised,cycle-01,task-01,1,,active_associated,active_associated,Write a Technical Report,Write a Technical Report,Approved with Revisions,Definition and mappings were adjusted after expert review.,cycles/cycle-01/en/Task01/Task01-CSP-Adjustments.md,
E016,C05,3,reused,cycle-01,task-02,1,,active_associated,active_associated,Write a Technical Report,Write a Technical Report,Approved with Revisions,Task02 requires a technical report.,cycles/cycle-01/en/Task02/Task02-CSP-Adjustments.md,Direct reuse.
E017,C05,4,reused,cycle-01,task-03,1,,active_associated,active_associated,Write a Technical Report,Write a Technical Report,Approved with Revisions,Task03 requires a technical report.,cycles/cycle-01/en/Task03/Task03-CSP-Adjustments.md,Direct reuse.
E018,C05,5,reused,cycle-01,task-04,1,,active_associated,active_associated,Write a Technical Report,Write a Technical Report,Needs Revision; adjustments implemented,Task04 requires a technical report.,cycles/cycle-01/en/Task04/Task04-CSP-Adjustments.md,Direct reuse.
E019,C05,6,reused,cycle-01,task-05,1,,active_associated,active_associated,Write a Technical Report,Write a Technical Report,Approved with Required Revisions; adjustments implemented,Task05 requires a technical report covering all robot modules.,cycles/cycle-01/en/Task05/TASK05-CSP-Adjustments.md,Direct reuse.
E020,C06,1,created,cycle-01,task-03,1,,,active_associated,,Develop Problem-Solving Solutions Using Finite State Machines,Created,Task03 introduced the finite-state-specific solution-development competency.,cycles/cycle-01/en/Task03/Task03-CSP-Report.md,
E021,C06,2,revised,cycle-01,task-03,1,,active_associated,active_associated,Develop Problem-Solving Solutions Using Finite State Machines,Develop Problem-Solving Solutions Using Finite State Machines,Approved with Revisions,Terminology and knowledge–skill mappings were refined.,cycles/cycle-01/en/Task03/Task03-CSP-Adjustments.md,
E022,C06,3,reused,cycle-01,task-01,2,,active_associated,active_associated,Develop Problem-Solving Solutions Using Finite State Machines,Develop Problem-Solving Solutions Using Finite State Machines,Approved,The existing Task03 competency was associated with Task01 through controlled reuse.,cycles/cycle-01/en/Task01/Review2/Task01-CSP-Report-v2.md,Reassociation in the second Task01 iteration.
E023,C07,1,created,cycle-01,task-02,1,,,active_associated,,Develop Problem-Solving Solutions Using Turing Machines,Created,Initial Turing-machine solution-development competency.,cycles/cycle-01/en/Task02/Task02-CSP-Report.md,
E024,C07,2,revised,cycle-01,task-02,1,,active_associated,active_associated,Develop Problem-Solving Solutions Using Turing Machines,Develop Problem-Solving Solutions Using Turing Machines,Approved with Revisions,Definition and mappings were adjusted after expert review.,cycles/cycle-01/en/Task02/Task02-CSP-Adjustments.md,
E025,C07,3,reused,cycle-01,task-05,1,,active_associated,active_base_of_specialization,Develop Problem-Solving Solutions Using Turing Machines,Develop Problem-Solving Solutions Using Turing Machines,Approved with Required Revisions; adjustments implemented,Task05 qualified the reused competency under expanded cognitive and contextual conditions.,cycles/cycle-01/en/Task05/TASK05-CSP-Adjustments.md,Base competency of additive specialization C07.01.
E026,C08,1,created,cycle-01,task-02,1,,,active_associated,,Identify Turing Machine Variants,Created,Initial variant-identification competency.,cycles/cycle-01/en/Task02/Task02-CSP-Report.md,
E027,C08,2,revised,cycle-01,task-02,1,,active_associated,active_associated,Identify Turing Machine Variants,Identify Turing Machine Variants,Approved with Revisions,Identification was separated from application.,cycles/cycle-01/en/Task02/Task02-CSP-Adjustments.md,
E028,C08,3,reused,cycle-01,task-05,1,,active_associated,active_base_of_specialization,Identify Turing Machine Variants,Identify Turing Machine Variants,Approved with Required Revisions; adjustments implemented,Task05 qualified the reused competency under expanded cognitive and contextual conditions.,cycles/cycle-01/en/Task05/TASK05-CSP-Adjustments.md,Base competency of additive specialization C08.01.
E029,C09,1,created,cycle-01,task-02,1,,,active_associated,,Apply Turing Machine Variants,Created,Initial variant-application competency.,cycles/cycle-01/en/Task02/Task02-CSP-Report.md,
E030,C09,2,revised,cycle-01,task-02,1,,active_associated,active_associated,Apply Turing Machine Variants,Apply Turing Machine Variants,Approved with Revisions,Application was separated from identification.,cycles/cycle-01/en/Task02/Task02-CSP-Adjustments.md,
E031,C09,3,reused,cycle-01,task-05,1,,active_associated,active_base_of_specialization,Apply Turing Machine Variants,Apply Turing Machine Variants,Approved with Required Revisions; adjustments implemented,Task05 qualified the reused competency under expanded cognitive and contextual conditions.,cycles/cycle-01/en/Task05/TASK05-CSP-Adjustments.md,Base competency of additive specialization C09.01.
E032,C10,1,created,cycle-01,task-02,1,,,active_associated,,Test Turing Machines Using Simulators,Created,Initial Turing-machine simulation competency.,cycles/cycle-01/en/Task02/Task02-CSP-Report.md,
E033,C10,2,revised,cycle-01,task-02,1,,active_associated,active_associated,Test Turing Machines Using Simulators,Test Turing Machines Using Simulators,Approved with Revisions,Definition and mappings were adjusted after expert review.,cycles/cycle-01/en/Task02/Task02-CSP-Adjustments.md,
E034,C10,3,reused,cycle-01,task-05,1,,active_associated,active_associated,Test Turing Machines Using Simulators,Test Turing Machines Using Simulators,Approved with Required Revisions; adjustments implemented,Task05 activates simulation across multiple robot modules.,cycles/cycle-01/en/Task05/TASK05-CSP-Adjustments.md,Contextual activation.
E035,C11,1,created,cycle-01,task-03,1,,,active_associated,,Infer and Identify Patterns in Finite State Machines,Created,Initial pattern-analysis competency.,cycles/cycle-01/en/Task03/Task03-CSP-Report.md,
E036,C11,2,renamed,cycle-01,task-03,1,,active_associated,active_associated,Infer and Identify Patterns in Finite State Machines,Identify Patterns in Finite State Machines,Approved with Revisions,The title was simplified and aligned with observable task activity.,cycles/cycle-01/en/Task03/Task03-CSP-Adjustments.md,Knowledge–skill mappings were refined at the same time.
E037,C12,1,created,cycle-01,task-04,1,,,active_associated,,Develop Problem-Solving Solutions Using Pushdown Automata,Created,Initial pushdown-automaton solution-development competency.,cycles/cycle-01/en/Task04/Task04-CSP-Report.md,
E038,C12,2,revised,cycle-01,task-04,1,,active_associated,active_associated,Develop Problem-Solving Solutions Using Pushdown Automata,Develop Problem-Solving Solutions Using Pushdown Automata,Needs Revision; adjustments implemented,"The computational model, stack behavior, and Bloom mappings were clarified.",cycles/cycle-01/en/Task04/Task04-CSP-Adjustments.md,
E039,C13,1,created,cycle-01,task-04,1,,,active_associated,,Interpret Rule-Based Notation,Created,Initial rule-based notation competency.,cycles/cycle-01/en/Task04/Task04-CSP-Report.md,
E040,C13,2,revised,cycle-01,task-04,1,,active_associated,active_associated,Interpret Rule-Based Notation,Interpret Rule-Based Notation,Needs Revision; adjustments implemented,Regular-language references were replaced by context-free formalisms where appropriate.,cycles/cycle-01/en/Task04/Task04-CSP-Adjustments.md,
E041,C14,1,created,cycle-01,task-04,1,,,active_associated,,Differentiate Classifications of Formal Grammars,Created,Initial formal-grammar classification competency.,cycles/cycle-01/en/Task04/Task04-CSP-Report.md,
E042,C14,2,revised,cycle-01,task-04,1,,active_associated,active_associated,Differentiate Classifications of Formal Grammars,Differentiate Classifications of Formal Grammars,Needs Revision; adjustments implemented,Regular and context-free formalisms and their corresponding automata were distinguished.,cycles/cycle-01/en/Task04/Task04-CSP-Adjustments.md,
E043,C07.01,1,created,cycle-01,task-05,1,,,active_associated,,Develop Integrated Multi-Agent Solutions Using Turing Machines,Approved with Required Revisions; adjustments implemented,Additive specialization formalized from C07 to represent integrated multi-agent construction.,cycles/cycle-01/en/Task05/TASK05-CSP-Adjustments.md,Derived from C07.
E044,C08.01,1,created,cycle-01,task-05,1,,,active_associated,,Analyze the System-Level Adequacy of Turing Machine Variants,Approved with Required Revisions; adjustments implemented,Additive specialization formalized from C08 to represent system-level adequacy analysis.,cycles/cycle-01/en/Task05/TASK05-CSP-Adjustments.md,Derived from C08.
E045,C09.01,1,created,cycle-01,task-05,1,,,active_associated,,Apply and Coordinate Turing Machine Variants in Integrated Architectures,Approved with Required Revisions; adjustments implemented,Additive specialization formalized from C09 to represent coordinated application in an integrated architecture.,cycles/cycle-01/en/Task05/TASK05-CSP-Adjustments.md,Derived from C09.
