cycle_id,task_id,competency_id,competency_title,usage_type,origin_task,reuse_mode,mapping_status,include_in_current_analysis,association_iteration,review_decision,role_in_task,report_file,review_file,adjustments_file,notes
cycle-01,task-01,C01,Develop Problem Solutions Using Automata,created,task-01,not_applicable,current,true,1,Approved with Revisions,General automata-based solution development,cycles/cycle-01/en/Task01/Task01-CSP-Report.md,cycles/cycle-01/en/Task01/Task01-CSP-Review-Report.md,cycles/cycle-01/en/Task01/Task01-CSP-Adjustments.md,Preserved after the additive association of C06 in the second iteration.
cycle-01,task-01,C02,Justify the Use of Deterministic Finite Automata (DFAs),created,task-01,not_applicable,current,true,1,Approved with Revisions,Justification of the deterministic finite-state model,cycles/cycle-01/en/Task01/Review2/Task01-CSP-Report-v2.md,cycles/cycle-01/en/Task01/Task01-CSP-Review-Report.md,cycles/cycle-01/en/Task01/Task01-CSP-Adjustments.md,Retained after the second Task01 iteration.
cycle-01,task-01,C03,Test Automata Using Simulators,created,task-01,not_applicable,current,true,1,Approved with Revisions,Simulation and validation of the vending-machine automaton,cycles/cycle-01/en/Task01/Review2/Task01-CSP-Report-v2.md,cycles/cycle-01/en/Task01/Task01-CSP-Review-Report.md,cycles/cycle-01/en/Task01/Task01-CSP-Adjustments.md,Retained after the second Task01 iteration.
cycle-01,task-01,C04,Define Regular Expressions for Finite Automata,created,task-01,not_applicable,current,true,1,Approved with Revisions,Representation of finite-automaton behavior with regular expressions,cycles/cycle-01/en/Task01/Review2/Task01-CSP-Report-v2.md,cycles/cycle-01/en/Task01/Task01-CSP-Review-Report.md,cycles/cycle-01/en/Task01/Task01-CSP-Adjustments.md,Retained after the second Task01 iteration.
cycle-01,task-01,C05,Write a Technical Report,created,task-01,not_applicable,current,true,1,Approved with Revisions,Documentation of the solution and results,cycles/cycle-01/en/Task01/Review2/Task01-CSP-Report-v2.md,cycles/cycle-01/en/Task01/Task01-CSP-Review-Report.md,cycles/cycle-01/en/Task01/Task01-CSP-Adjustments.md,Retained after the second Task01 iteration.
cycle-01,task-01,C06,Develop Problem-Solving Solutions Using Finite State Machines,reused,task-03,additive_refinement,current,true,2,Approved,Finite-state modeling of the vending-machine solution,cycles/cycle-01/en/Task01/Review2/Task01-CSP-Report-v2.md,cycles/cycle-01/en/Task01/Review2/Task01-CSP-Review-Report-v2.md,,Added through controlled reuse as a more precise competency; C01 was retained.
cycle-01,task-02,C07,Develop Problem-Solving Solutions Using Turing Machines,created,task-02,not_applicable,current,true,1,Approved with Revisions,Construction of a Turing-machine solution for traffic control,cycles/cycle-01/en/Task02/Task02-CSP-Report.md,cycles/cycle-01/en/Task02/Task02-CSP-Review-Report.md,cycles/cycle-01/en/Task02/Task02-CSP-Adjustments.md,
cycle-01,task-02,C08,Identify Turing Machine Variants,created,task-02,not_applicable,current,true,1,Approved with Revisions,Identification and explanation of Turing-machine variants,cycles/cycle-01/en/Task02/Task02-CSP-Report.md,cycles/cycle-01/en/Task02/Task02-CSP-Review-Report.md,cycles/cycle-01/en/Task02/Task02-CSP-Adjustments.md,
cycle-01,task-02,C09,Apply Turing Machine Variants,created,task-02,not_applicable,current,true,1,Approved with Revisions,Application of a suitable Turing-machine variant,cycles/cycle-01/en/Task02/Task02-CSP-Report.md,cycles/cycle-01/en/Task02/Task02-CSP-Review-Report.md,cycles/cycle-01/en/Task02/Task02-CSP-Adjustments.md,
cycle-01,task-02,C10,Test Turing Machines Using Simulators,created,task-02,not_applicable,current,true,1,Approved with Revisions,Simulation and validation of Turing machines in JFLAP,cycles/cycle-01/en/Task02/Task02-CSP-Report.md,cycles/cycle-01/en/Task02/Task02-CSP-Review-Report.md,cycles/cycle-01/en/Task02/Task02-CSP-Adjustments.md,
cycle-01,task-02,C05,Write a Technical Report,reused,task-01,direct,current,true,1,Approved with Revisions,Documentation of the traffic-control solution,cycles/cycle-01/en/Task02/Task02-CSP-Report.md,cycles/cycle-01/en/Task02/Task02-CSP-Review-Report.md,cycles/cycle-01/en/Task02/Task02-CSP-Adjustments.md,
cycle-01,task-03,C06,Develop Problem-Solving Solutions Using Finite State Machines,created,task-03,not_applicable,current,true,1,Approved with Revisions,Construction of the Farmer Robot finite-state solution,cycles/cycle-01/en/Task03/Task03-CSP-Report.md,cycles/cycle-01/en/Task03/Task03-CSP-Review-Report.md,cycles/cycle-01/en/Task03/Task03-CSP-Adjustments.md,C06 was later reused by Task01 in its second iteration.
cycle-01,task-03,C11,Identify Patterns in Finite State Machines,created,task-03,not_applicable,current,true,1,Approved with Revisions,Analysis of patterns in states and transitions,cycles/cycle-01/en/Task03/Task03-CSP-Report.md,cycles/cycle-01/en/Task03/Task03-CSP-Review-Report.md,cycles/cycle-01/en/Task03/Task03-CSP-Adjustments.md,Title refined after expert review.
cycle-01,task-03,C03,Test Automata Using Simulators,reused,task-01,direct,current,true,1,Approved with Revisions,Simulation and validation of the Farmer Robot finite-state model,cycles/cycle-01/en/Task03/Task03-CSP-Report.md,cycles/cycle-01/en/Task03/Task03-CSP-Review-Report.md,cycles/cycle-01/en/Task03/Task03-CSP-Adjustments.md,
cycle-01,task-03,C04,Define Regular Expressions for Finite Automata,reused,task-01,revised_definition,current,true,1,Approved with Revisions,Definition of regular expressions corresponding to the finite-state model,cycles/cycle-01/en/Task03/Task03-CSP-Report.md,cycles/cycle-01/en/Task03/Task03-CSP-Review-Report.md,cycles/cycle-01/en/Task03/Task03-CSP-Adjustments.md,Definition was refined before reuse.
cycle-01,task-03,C05,Write a Technical Report,reused,task-01,direct,current,true,1,Approved with Revisions,Documentation of the Farmer Robot solution,cycles/cycle-01/en/Task03/Task03-CSP-Report.md,cycles/cycle-01/en/Task03/Task03-CSP-Review-Report.md,cycles/cycle-01/en/Task03/Task03-CSP-Adjustments.md,
cycle-01,task-04,C12,Develop Problem-Solving Solutions Using Pushdown Automata,created,task-04,not_applicable,current,true,1,Needs Revision,Construction of the stack-based return-navigation model,cycles/cycle-01/en/Task04/Task04-CSP-Report.md,cycles/cycle-01/en/Task04/Task04-CSRP-Report.md,cycles/cycle-01/en/Task04/Task04-CSP-Adjustments.md,Recommendations were implemented in the adjustments report.
cycle-01,task-04,C13,Interpret Rule-Based Notation,created,task-04,not_applicable,current,true,1,Needs Revision,Interpretation of context-free notation for navigation sequences,cycles/cycle-01/en/Task04/Task04-CSP-Report.md,cycles/cycle-01/en/Task04/Task04-CSRP-Report.md,cycles/cycle-01/en/Task04/Task04-CSP-Adjustments.md,Recommendations were implemented in the adjustments report.
cycle-01,task-04,C14,Differentiate Classifications of Formal Grammars,created,task-04,not_applicable,current,true,1,Needs Revision,Comparison of regular and context-free formalisms,cycles/cycle-01/en/Task04/Task04-CSP-Report.md,cycles/cycle-01/en/Task04/Task04-CSRP-Report.md,cycles/cycle-01/en/Task04/Task04-CSP-Adjustments.md,Recommendations were implemented in the adjustments report.
cycle-01,task-04,C03,Test Automata Using Simulators,reused,task-01,contextual_activation,current,true,1,Needs Revision,Simulation and validation of a pushdown-automaton model,cycles/cycle-01/en/Task04/Task04-CSP-Report.md,cycles/cycle-01/en/Task04/Task04-CSRP-Report.md,cycles/cycle-01/en/Task04/Task04-CSP-Adjustments.md,Activated with a pushdown-automaton model in JFLAP.
cycle-01,task-04,C05,Write a Technical Report,reused,task-01,direct,current,true,1,Needs Revision,Documentation of the return-navigation solution,cycles/cycle-01/en/Task04/Task04-CSP-Report.md,cycles/cycle-01/en/Task04/Task04-CSRP-Report.md,cycles/cycle-01/en/Task04/Task04-CSP-Adjustments.md,
cycle-01,task-05,C07,Develop Problem-Solving Solutions Using Turing Machines,reused,task-02,specialized_into,historical_specialized,false,1,Approved with Required Revisions,Base competency reused and qualified before additive specialization,cycles/cycle-01/en/Task05/Task05-CSP-Report.md,cycles/cycle-01/en/Task05/Task05-CSP-Review-Report.md,cycles/cycle-01/en/Task05/TASK05-CSP-Adjustments.md,Task05 formalized C07.01 as an additive specialization of C07.
cycle-01,task-05,C08,Identify Turing Machine Variants,reused,task-02,specialized_into,historical_specialized,false,1,Approved with Required Revisions,Base competency reused and qualified before additive specialization,cycles/cycle-01/en/Task05/Task05-CSP-Report.md,cycles/cycle-01/en/Task05/Task05-CSP-Review-Report.md,cycles/cycle-01/en/Task05/TASK05-CSP-Adjustments.md,Task05 formalized C08.01 as an additive specialization of C08.
cycle-01,task-05,C09,Apply Turing Machine Variants,reused,task-02,specialized_into,historical_specialized,false,1,Approved with Required Revisions,Base competency reused and qualified before additive specialization,cycles/cycle-01/en/Task05/Task05-CSP-Report.md,cycles/cycle-01/en/Task05/Task05-CSP-Review-Report.md,cycles/cycle-01/en/Task05/TASK05-CSP-Adjustments.md,Task05 formalized C09.01 as an additive specialization of C09.
cycle-01,task-05,C07.01,Develop Integrated Multi-Agent Solutions Using Turing Machines,created,task-05,additive_specialization,current,true,1,Approved with Required Revisions,Integrated construction of a multi-agent computational system,cycles/cycle-01/en/Task05/Task05-CSP-Report.md,cycles/cycle-01/en/Task05/Task05-CSP-Review-Report.md,cycles/cycle-01/en/Task05/TASK05-CSP-Adjustments.md,Explicit specialization of C07 formalized in the adjustments report.
cycle-01,task-05,C08.01,Analyze the System-Level Adequacy of Turing Machine Variants,created,task-05,additive_specialization,current,true,1,Approved with Required Revisions,System-level analysis supporting design decisions,cycles/cycle-01/en/Task05/Task05-CSP-Report.md,cycles/cycle-01/en/Task05/Task05-CSP-Review-Report.md,cycles/cycle-01/en/Task05/TASK05-CSP-Adjustments.md,Explicit specialization of C08 formalized in the adjustments report.
cycle-01,task-05,C09.01,Apply and Coordinate Turing Machine Variants in Integrated Architectures,created,task-05,additive_specialization,current,true,1,Approved with Required Revisions,Coordination and application of variants in an integrated architecture,cycles/cycle-01/en/Task05/Task05-CSP-Report.md,cycles/cycle-01/en/Task05/Task05-CSP-Review-Report.md,cycles/cycle-01/en/Task05/TASK05-CSP-Adjustments.md,Explicit specialization of C09 formalized in the adjustments report.
cycle-01,task-05,C10,Test Turing Machines Using Simulators,reused,task-02,contextual_activation,current,true,1,Approved with Required Revisions,Simulation and validation of the robot modules in JFLAP,cycles/cycle-01/en/Task05/Task05-CSP-Report.md,cycles/cycle-01/en/Task05/Task05-CSP-Review-Report.md,cycles/cycle-01/en/Task05/TASK05-CSP-Adjustments.md,
cycle-01,task-05,C05,Write a Technical Report,reused,task-01,direct,current,true,1,Approved with Required Revisions,Documentation of the robot modules and examples,cycles/cycle-01/en/Task05/Task05-CSP-Report.md,cycles/cycle-01/en/Task05/Task05-CSP-Review-Report.md,cycles/cycle-01/en/Task05/TASK05-CSP-Adjustments.md,
