cycle_id,competency_id,competency_title,origin_task,origin_iteration,registry_status,current_specification_file,definition_review_file,definition_adjustments_file,current_task_ids,current_task_count,current_reuse_count,historical_association_count,notes,origin_cycle_id,creation_type,base_competency_id,cycle_participation,initial_title,definition_review_scope,current_association_files
cycle-02,C02,Justify the Use of Deterministic Finite Automata (DFAs),task-01,1,active,cycles/cycle-01/en/Task01/Task01-CSP-Adjustments.md,cycles/cycle-01/en/Task01/Task01-CSP-Review-Report.md,cycles/cycle-01/en/Task01/Task01-CSP-Adjustments.md,task-201;task-204,2,2,2,Origin and definition reference inherited from Cycle 1; counts describe Cycle 2 only.,cycle-01,original,,current,Justify the Use of Deterministic Finite Automata (DFAs),See definition review and adjustments.,cycles/cycle-02/en/Task201/TASK201-CSP-Adjustment.md;cycles/cycle-02/en/Task204/TASK204-CSP-Adjustments.md
cycle-02,C03,Test Automata Using Simulators,task-01,1,active,cycles/cycle-01/en/Task01/Task01-CSP-Adjustments.md,cycles/cycle-01/en/Task01/Task01-CSP-Review-Report.md,cycles/cycle-01/en/Task01/Task01-CSP-Adjustments.md,task-201;task-202;task-204,3,3,3,Origin and definition reference inherited from Cycle 1; counts describe Cycle 2 only.,cycle-01,original,,current,Test Automata Using Simulators,See definition review and adjustments.,cycles/cycle-02/en/Task201/TASK201-CSP-Adjustment.md;cycles/cycle-02/en/Task202/TASK202-CSP-Adustments.md;cycles/cycle-02/en/Task204/TASK204-CSP-Adjustments.md
cycle-02,C04,Define Regular Expressions for Finite Automata,task-01,1,active,cycles/cycle-01/en/Task03/Task03-CSP-Adjustments.md,cycles/cycle-01/en/Task03/Task03-CSP-Review-Report.md,cycles/cycle-01/en/Task03/Task03-CSP-Adjustments.md,task-201,1,1,1,Origin and definition reference inherited from Cycle 1; counts describe Cycle 2 only.,cycle-01,original,,current,Define Regular Expressions for Finite Automata,See definition review and adjustments.,cycles/cycle-02/en/Task201/TASK201-CSP-Adjustment.md
cycle-02,C05,Write a Technical Report,task-01,1,active,cycles/cycle-01/en/Task01/Task01-CSP-Adjustments.md,cycles/cycle-01/en/Task01/Task01-CSP-Review-Report.md,cycles/cycle-01/en/Task01/Task01-CSP-Adjustments.md,task-201;task-202;task-203;task-204,4,4,4,Origin and definition reference inherited from Cycle 1; counts describe Cycle 2 only.,cycle-01,original,,current,Write a Technical Report,See definition review and adjustments.,cycles/cycle-02/en/Task201/TASK201-CSP-Adjustment.md;cycles/cycle-02/en/Task202/TASK202-CSP-Adustments.md;cycles/cycle-02/en/Task203/TASK203-CSP-Adjustments.md;cycles/cycle-02/en/Task204/TASK204-CSP-Adjustments.md
cycle-02,C06,Develop Problem-Solving Solutions Using Finite State Machines,task-03,1,active,cycles/cycle-01/en/Task03/Task03-CSP-Adjustments.md,cycles/cycle-01/en/Task03/Task03-CSP-Review-Report.md,cycles/cycle-01/en/Task03/Task03-CSP-Adjustments.md,task-201;task-204,2,2,2,Origin and definition reference inherited from Cycle 1; counts describe Cycle 2 only.,cycle-01,original,,current,Develop Problem-Solving Solutions Using Finite State Machines,See definition review and adjustments.,cycles/cycle-02/en/Task201/TASK201-CSP-Adjustment.md;cycles/cycle-02/en/Task204/TASK204-CSP-Adjustments.md
cycle-02,C07,Develop Problem-Solving Solutions Using Turing Machines,task-02,1,active,cycles/cycle-01/en/Task02/Task02-CSP-Adjustments.md,cycles/cycle-01/en/Task02/Task02-CSP-Review-Report.md,cycles/cycle-01/en/Task02/Task02-CSP-Adjustments.md,task-203,1,1,1,Origin and definition reference inherited from Cycle 1; counts describe Cycle 2 only.,cycle-01,original,,current,Develop Problem-Solving Solutions Using Turing Machines,See definition review and adjustments.,cycles/cycle-02/en/Task203/TASK203-CSP-Adjustments.md
cycle-02,C08,Identify Turing Machine Variants,task-02,1,active,cycles/cycle-01/en/Task02/Task02-CSP-Adjustments.md,cycles/cycle-01/en/Task02/Task02-CSP-Review-Report.md,cycles/cycle-01/en/Task02/Task02-CSP-Adjustments.md,task-203,1,1,1,Origin and definition reference inherited from Cycle 1; counts describe Cycle 2 only.,cycle-01,original,,current,Identify Turing Machine Variants,See definition review and adjustments.,cycles/cycle-02/en/Task203/TASK203-CSP-Adjustments.md
cycle-02,C09,Apply Turing Machine Variants,task-02,1,active,cycles/cycle-01/en/Task02/Task02-CSP-Adjustments.md,cycles/cycle-01/en/Task02/Task02-CSP-Review-Report.md,cycles/cycle-01/en/Task02/Task02-CSP-Adjustments.md,task-203,1,1,1,Origin and definition reference inherited from Cycle 1; counts describe Cycle 2 only.,cycle-01,original,,current,Apply Turing Machine Variants,See definition review and adjustments.,cycles/cycle-02/en/Task203/TASK203-CSP-Adjustments.md
cycle-02,C10,Test Turing Machines Using Simulators,task-02,1,active,cycles/cycle-01/en/Task02/Task02-CSP-Adjustments.md,cycles/cycle-01/en/Task02/Task02-CSP-Review-Report.md,cycles/cycle-01/en/Task02/Task02-CSP-Adjustments.md,task-203,1,1,1,Origin and definition reference inherited from Cycle 1; counts describe Cycle 2 only.,cycle-01,original,,current,Test Turing Machines Using Simulators,See definition review and adjustments.,cycles/cycle-02/en/Task203/TASK203-CSP-Adjustments.md
cycle-02,C11,Identify Patterns in Finite State Machines,task-03,1,active,cycles/cycle-01/en/Task03/Task03-CSP-Adjustments.md,cycles/cycle-01/en/Task03/Task03-CSP-Review-Report.md,cycles/cycle-01/en/Task03/Task03-CSP-Adjustments.md,task-201,1,1,1,Origin and definition reference inherited from Cycle 1; counts describe Cycle 2 only.,cycle-01,original,,current,Identify Patterns in Finite State Machines,See definition review and adjustments.,cycles/cycle-02/en/Task201/TASK201-CSP-Adjustment.md
cycle-02,C12,Develop Problem-Solving Solutions Using Pushdown Automata,task-04,1,active,cycles/cycle-01/en/Task04/Task04-CSP-Adjustments.md,cycles/cycle-01/en/Task04/Task04-CSRP-Report.md,cycles/cycle-01/en/Task04/Task04-CSP-Adjustments.md,task-202,1,1,1,Origin and definition reference inherited from Cycle 1; counts describe Cycle 2 only.,cycle-01,original,,current,Develop Problem-Solving Solutions Using Pushdown Automata,See definition review and adjustments.,cycles/cycle-02/en/Task202/TASK202-CSP-Adustments.md
cycle-02,C13,Interpret Rule-Based Notation,task-04,1,active,cycles/cycle-01/en/Task04/Task04-CSP-Adjustments.md,cycles/cycle-01/en/Task04/Task04-CSRP-Report.md,cycles/cycle-01/en/Task04/Task04-CSP-Adjustments.md,,0,0,1,Preserved base; no adjusted association in Cycle 2.,cycle-01,original,,historical_only,Interpret Rule-Based Notation,See definition review and adjustments.,
cycle-02,C14,Differentiate Classifications of Formal Grammars,task-04,1,active,cycles/cycle-01/en/Task04/Task04-CSP-Adjustments.md,cycles/cycle-01/en/Task04/Task04-CSRP-Report.md,cycles/cycle-01/en/Task04/Task04-CSP-Adjustments.md,task-202;task-204,2,2,2,Origin and definition reference inherited from Cycle 1; counts describe Cycle 2 only.,cycle-01,original,,current,Differentiate Classifications of Formal Grammars,See definition review and adjustments.,cycles/cycle-02/en/Task202/TASK202-CSP-Adustments.md;cycles/cycle-02/en/Task204/TASK204-CSP-Adjustments.md
cycle-02,C13.01,Interpret Formal Grammar-Based Rules,task-202,1,active,cycles/cycle-02/en/Task202/TASK202-CSP-Adustments.md,cycles/cycle-02/en/Task202/TASK202-CSP-Review-Report.md,cycles/cycle-02/en/Task202/TASK202-CSP-Adustments.md,task-202,1,0,1,Created by controlled specialization of C13. Understand/Analyze and the detailed disposition list are retained.,cycle-02,specialization,C13,current,Interpret Formal Grammar-Based Rules,Review addresses C13; C13.01 is adopted in adjustments.,cycles/cycle-02/en/Task202/TASK202-CSP-Adustments.md
cycle-02,C15,Understand the Halting Problem and its Implications,task-204,1,active,cycles/cycle-02/en/Task204/TASK204-CSP-Adjustments.md,cycles/cycle-02/en/Task204/TASK204-CSRP-Report.md,cycles/cycle-02/en/Task204/TASK204-CSP-Adjustments.md,task-204,1,0,1,,cycle-02,original,,current,Understand the Halting Problem and its Implications,See definition review and adjustments.,cycles/cycle-02/en/Task204/TASK204-CSP-Adjustments.md
cycle-02,C16,Interpret Turing Machine Concepts to Analyze Computational System Capabilities,task-204,1,active,cycles/cycle-02/en/Task204/TASK204-CSP-Adjustments.md,cycles/cycle-02/en/Task204/TASK204-CSRP-Report.md,cycles/cycle-02/en/Task204/TASK204-CSP-Adjustments.md,task-204,1,0,1,Distinct identifier retained. Initial title used Apply; adjusted title uses Interpret. Future absorption into C15 is not implemented.,cycle-02,original,,current,Apply Turing Machine Concepts to Analyze Computational System Capabilities,See definition review and adjustments.,cycles/cycle-02/en/Task204/TASK204-CSP-Adjustments.md

